Customer ID,Region,Customer Segment,Invoice Amount,Payment Terms Days,Invoice Error Rate,Forecast Accuracy,Contract Extension Days,Avg Days Late Last3 Days,DSO actual Days
CUST_1022,APAC,Mid-Market,1695.69,60,0.089,0.925,0,5.0,82.9
CUST_1193,APAC,SMB,1499.49,60,0.102,0.851,0,5.0,92.1
CUST_1163,LATAM,Mid-Market,9446.97,30,0.131,0.864,0,6.0,65.9
CUST_1109,EMEA,Mid-Market,10184.85,30,0.063,0.914,0,6.0,52.8
CUST_1108,EMEA,SMB,1335.91,60,0.076,0.822,0,5.0,93.9
CUST_1214,APAC,Mid-Market,1628.24,30,0.099,0.865,0,3.0,58.0
CUST_1021,NA,SMB,6712.3,60,0.05,0.854,0,,100.5
CUST_1174,APAC,Mid-Market,861.46,60,0.084,0.905,15,10.0,110.7
CUST_1050,EMEA,Mid-Market,1610.34,30,0.077,0.86,0,8.0,48.5
CUST_1023,NA,SMB,3409.73,60,0.065,0.831,0,3.0,75.0
CUST_1131,NA,Enterprise,13278.59,30,0.036,0.937,0,0.0,37.3
CUST_1243,APAC,Enterprise,1203.64,60,0.095,0.9,0,4.0,81.4
CUST_1183,NA,Mid-Market,188.0,60,0.032,0.926,0,3.0,70.9
CUST_1190,NA,SMB,168.19,60,0.031,0.825,0,5.0,84.9
CUST_1179,NA,SMB,450.74,60,0.07,0.83,0,6.0,85.1
CUST_1196,NA,Mid-Market,415.82,30,0.05,0.89,0,1.0,40.2
CUST_1128,NA,Enterprise,2363.94,60,0.044,0.955,0,6.0,69.3
CUST_1032,APAC,SMB,501.04,60,0.091,0.799,0,8.0,93.9
CUST_1209,NA,Enterprise,1038.85,60,0.069,0.997,30,5.0,95.3
CUST_1112,APAC,Enterprise,933.43,90,0.09,0.962,0,8.0,107.2
CUST_1125,APAC,Mid-Market,1539.54,30,0.109,0.897,0,6.0,54.7
CUST_1092,NA,Mid-Market,21671.57,60,0.041,0.875,0,8.0,85.2
CUST_1045,NA,SMB,8045.93,60,0.033,0.799,0,6.0,86.1
CUST_1231,EMEA,SMB,3053.96,60,0.077,0.776,0,10.0,100.5
CUST_1195,NA,SMB,1492.88,60,0.03,0.805,0,5.0,80.3
CUST_1160,NA,Enterprise,1556.43,60,0.057,0.918,0,5.0,68.9
CUST_1100,LATAM,Mid-Market,4873.75,30,0.11,0.896,15,4.0,69.3
CUST_1205,LATAM,Mid-Market,7159.92,60,0.13,0.918,0,5.0,90.0
CUST_1136,APAC,Enterprise,764.0,60,0.111,0.93,0,10.0,81.2
CUST_1110,NA,Mid-Market,3148.63,90,0.059,0.863,0,7.0,117.7
CUST_1112,EMEA,Mid-Market,141.54,60,0.051,0.897,0,4.0,84.1
CUST_1056,APAC,Enterprise,4095.2,60,0.108,0.915,0,5.0,78.9
CUST_1023,NA,Mid-Market,9350.86,60,0.07,0.923,0,1.0,80.5
CUST_1138,EMEA,SMB,1958.43,60,0.06,0.806,0,5.0,78.0
CUST_1221,NA,Enterprise,45469.2,90,0.041,0.91,0,9.0,113.8
CUST_1015,NA,Mid-Market,794.84,30,0.063,0.847,0,8.0,50.4
CUST_1214,EMEA,SMB,4130.53,90,0.056,0.863,0,11.0,124.2
CUST_1206,NA,SMB,2825.0,60,0.056,,0,8.0,86.3
CUST_1069,NA,SMB,2564.59,60,0.06,0.836,0,8.0,87.6
CUST_1157,APAC,Mid-Market,2511.2,60,0.081,0.846,0,10.0,87.7
CUST_1041,LATAM,SMB,3500.49,60,0.122,0.789,0,4.0,96.1
CUST_1189,EMEA,Mid-Market,10635.34,60,0.073,0.918,0,,89.5
CUST_1175,APAC,Mid-Market,23543.48,60,0.092,0.845,45,5.0,122.2
CUST_1088,LATAM,Enterprise,2970.91,30,0.135,0.902,0,5.0,64.5
CUST_1016,NA,Mid-Market,10127.14,60,0.037,0.88,0,9.0,81.0
CUST_1242,EMEA,Mid-Market,1040.39,60,0.065,0.916,0,7.0,85.9
CUST_1111,NA,Mid-Market,9404.4,60,0.064,0.863,0,4.0,74.2
CUST_1223,NA,SMB,950.52,60,0.038,0.783,0,3.0,82.6
CUST_1169,APAC,Mid-Market,15305.84,60,0.113,0.928,0,4.0,82.0
CUST_1194,EMEA,Mid-Market,82122.01,30,0.053,0.898,0,,58.9
CUST_1189,EMEA,Enterprise,2482.13,60,0.07,0.985,0,4.0,71.5
CUST_1048,NA,Mid-Market,111.18,30,0.033,0.905,30,2.0,55.6
CUST_1090,NA,Mid-Market,1310.14,60,0.057,0.9,0,9.0,76.2
CUST_1116,LATAM,Mid-Market,18916.93,60,0.132,0.868,15,4.0,98.7
CUST_1124,NA,Mid-Market,6833.66,60,0.064,0.862,0,11.0,91.2
CUST_1010,NA,SMB,4330.21,60,0.069,0.842,0,12.0,95.9
CUST_1136,NA,SMB,13534.57,90,0.057,0.842,0,9.0,118.5
CUST_1038,EMEA,Mid-Market,6165.23,60,0.081,0.925,0,7.0,79.8
CUST_1185,EMEA,Mid-Market,18519.65,60,0.07,0.887,0,11.0,91.2
CUST_1170,EMEA,SMB,11838.78,60,0.087,0.799,0,8.0,90.1
CUST_1230,NA,SMB,29218.31,60,0.056,0.819,0,5.0,89.6
CUST_1186,NA,Mid-Market,5106.12,30,0.065,0.891,0,6.0,52.0
CUST_1091,APAC,SMB,11589.9,60,0.089,0.813,0,4.0,90.8
CUST_1241,EMEA,SMB,1880.53,60,0.07,0.849,30,7.0,111.8
CUST_1102,EMEA,SMB,1209.31,60,0.079,0.828,0,1.0,83.8
CUST_1081,EMEA,Mid-Market,38566.97,30,0.058,0.831,0,3.0,55.4
CUST_1226,APAC,Enterprise,4122.88,30,0.088,0.957,0,11.0,47.9
CUST_1092,NA,Enterprise,9969.85,90,0.069,,0,2.0,102.6
CUST_1019,NA,Mid-Market,3588.93,60,0.047,0.922,0,3.0,78.1
CUST_1117,EMEA,Mid-Market,1236.73,60,0.057,0.871,0,4.0,80.4
CUST_1198,NA,Mid-Market,3030.47,90,0.043,0.887,0,6.0,111.0
CUST_1047,APAC,Mid-Market,25693.44,60,0.096,,0,5.0,86.9
CUST_1115,EMEA,Mid-Market,6855.87,30,0.075,0.883,0,2.0,52.6
CUST_1032,APAC,SMB,228.79,30,0.117,0.777,0,2.0,62.2
CUST_1171,APAC,Enterprise,2158.42,60,0.119,0.99,0,6.0,73.7
CUST_1118,EMEA,Mid-Market,43193.3,30,0.076,0.921,0,5.0,54.9
CUST_1082,LATAM,SMB,2163.12,90,0.128,0.825,0,7.0,121.4
CUST_1056,EMEA,SMB,200.19,30,0.063,0.826,0,3.0,54.8
CUST_1141,APAC,SMB,50999.61,30,0.114,0.776,0,,63.0
CUST_1167,NA,SMB,8296.5,30,0.039,0.83,0,7.0,54.8
CUST_1235,EMEA,SMB,2683.78,30,0.054,0.813,0,4.0,56.5
CUST_1109,EMEA,Mid-Market,1707.65,30,0.089,0.901,15,6.0,60.5
CUST_1040,NA,Mid-Market,15116.28,60,0.065,0.835,0,7.0,87.9
CUST_1208,NA,Mid-Market,1322.16,60,0.042,0.901,0,7.0,78.4
CUST_1157,LATAM,Mid-Market,16686.99,60,0.127,0.859,0,4.0,89.0
CUST_1175,EMEA,SMB,6723.02,60,0.069,0.835,0,4.0,91.8
CUST_1024,NA,Mid-Market,4302.81,60,0.043,0.893,0,10.0,83.3
CUST_1078,NA,Mid-Market,3708.09,60,0.041,0.853,0,3.0,80.2
CUST_1191,NA,Mid-Market,2292.84,60,0.035,0.874,15,7.0,96.5
CUST_1208,NA,Enterprise,14306.37,30,0.052,0.984,0,3.0,44.4
CUST_1108,LATAM,Enterprise,814.02,60,0.118,0.961,0,,83.7
CUST_1201,EMEA,Enterprise,261.68,90,0.07,0.907,0,15.0,114.2
CUST_1210,NA,SMB,7492.52,60,0.039,0.814,0,9.0,83.7
CUST_1096,EMEA,Mid-Market,7683.71,30,0.088,0.861,0,5.0,55.4
CUST_1224,NA,SMB,6126.39,60,0.056,0.834,0,,91.8
CUST_1072,NA,Mid-Market,5494.99,60,0.066,0.891,0,3.0,79.1
CUST_1059,APAC,Enterprise,1843.07,60,0.084,0.901,0,8.0,68.9
CUST_1170,EMEA,Enterprise,9713.03,60,0.075,0.961,0,5.0,78.2
CUST_1159,LATAM,SMB,2784.05,60,0.134,0.843,0,5.0,99.2
CUST_1034,EMEA,Mid-Market,1435.59,60,0.063,,0,9.0,81.3
CUST_1208,EMEA,SMB,1867.14,60,0.058,0.776,0,4.0,92.1
CUST_1049,APAC,Enterprise,61756.81,30,0.091,0.93,0,,51.1
CUST_1201,LATAM,Mid-Market,220.86,30,0.111,0.872,0,4.0,54.0
CUST_1001,APAC,SMB,6308.68,90,0.098,0.788,0,11.0,135.6
CUST_1199,LATAM,Mid-Market,240.17,60,0.113,0.872,0,,88.9
CUST_1196,APAC,Mid-Market,2534.24,60,0.091,0.837,0,7.0,89.1
CUST_1195,APAC,SMB,1555.51,60,0.106,0.781,0,5.0,93.9
CUST_1166,NA,Mid-Market,130.64,30,0.032,0.897,0,2.0,38.6
CUST_1117,APAC,Mid-Market,5343.07,60,0.094,0.856,0,,91.2
CUST_1176,EMEA,Mid-Market,1685.71,30,0.078,0.901,0,3.0,53.4
CUST_1069,EMEA,Mid-Market,127.89,60,0.057,0.835,0,5.0,86.6
CUST_1195,EMEA,SMB,10502.33,60,0.059,0.826,0,7.0,92.5
CUST_1138,LATAM,SMB,25655.4,30,0.108,0.809,0,6.0,61.6
CUST_1114,LATAM,Mid-Market,27866.67,30,0.1,0.91,0,3.0,50.4
CUST_1126,NA,SMB,5107.34,60,0.049,0.848,45,7.0,120.3
CUST_1142,APAC,Mid-Market,3194.18,30,0.082,0.868,0,1.0,50.8
CUST_1009,APAC,Enterprise,21856.09,30,0.091,0.962,0,1.0,42.7
CUST_1034,NA,Mid-Market,37181.83,60,0.07,0.853,15,7.0,104.9
CUST_1061,NA,SMB,16323.37,60,0.067,0.828,30,9.0,114.5
CUST_1028,NA,Enterprise,726.1,60,0.039,0.908,0,,73.4
CUST_1109,APAC,Mid-Market,4032.0,30,0.092,0.873,0,3.0,57.5
CUST_1167,EMEA,Mid-Market,5763.35,60,0.069,0.848,0,4.0,82.8
CUST_1163,LATAM,SMB,197.47,30,0.134,0.858,0,3.0,71.8
CUST_1117,EMEA,Enterprise,6027.22,30,0.082,0.944,0,6.0,43.1
CUST_1213,LATAM,Mid-Market,90173.22,60,0.105,0.889,0,9.0,92.1
CUST_1141,EMEA,SMB,7784.61,30,0.055,0.806,0,3.0,52.4
CUST_1019,APAC,Mid-Market,27176.82,60,0.097,0.859,0,4.0,93.8
CUST_1191,NA,Enterprise,3922.06,30,0.065,0.92,0,3.0,45.8
CUST_1143,EMEA,Enterprise,2670.9,30,0.085,0.991,0,2.0,37.5
CUST_1158,APAC,Mid-Market,5281.19,60,0.084,0.91,0,9.0,83.5
CUST_1141,LATAM,Mid-Market,876.78,60,0.123,0.843,0,3.0,94.4
CUST_1138,APAC,SMB,702.28,30,0.086,0.845,0,6.0,61.2
CUST_1022,NA,Mid-Market,19919.55,30,0.057,0.872,0,6.0,57.9
CUST_1139,NA,Mid-Market,23353.77,90,0.067,0.832,0,,116.4
CUST_1198,NA,SMB,674.07,60,0.048,0.823,0,6.0,87.0
CUST_1075,NA,Mid-Market,12733.58,60,0.033,0.843,0,6.0,82.9
CUST_1150,EMEA,Mid-Market,2616.41,30,0.073,0.851,0,2.0,47.6
CUST_1007,APAC,SMB,4962.74,60,0.096,,0,7.0,92.5
CUST_1086,APAC,Mid-Market,5945.13,30,0.112,0.856,0,6.0,54.8
CUST_1109,APAC,SMB,13246.99,30,0.094,0.859,0,2.0,59.6
CUST_1245,APAC,SMB,3374.75,60,0.115,0.836,0,3.0,93.6
CUST_1053,APAC,Enterprise,24716.91,60,0.091,0.983,0,6.0,82.5
CUST_1069,NA,Mid-Market,4741.55,60,0.036,0.892,0,,83.8
CUST_1102,NA,Mid-Market,7602.83,60,0.042,0.917,0,3.0,74.0
CUST_1248,EMEA,Enterprise,854.15,30,0.051,0.936,0,1.0,44.7
CUST_1213,APAC,Mid-Market,75962.0,60,0.091,0.885,0,9.0,95.1
CUST_1008,NA,Mid-Market,6031.42,60,0.056,0.882,0,10.0,90.1
CUST_1058,EMEA,SMB,8686.25,60,0.056,0.86,15,7.0,104.2
CUST_1205,EMEA,SMB,267.13,60,0.054,0.786,0,1.0,82.9
CUST_1014,NA,SMB,867.79,60,0.035,0.828,30,4.0,105.8
CUST_1213,EMEA,Mid-Market,19088.2,30,0.053,0.905,0,4.0,52.0
CUST_1070,APAC,Mid-Market,4584.04,30,0.115,0.867,0,2.0,50.3
CUST_1229,EMEA,Mid-Market,168.9,60,0.088,0.917,0,7.0,76.7
CUST_1073,NA,Enterprise,14149.5,30,0.032,0.937,0,5.0,36.9
CUST_1108,APAC,SMB,1318.6,60,0.11,0.787,45,1.0,123.7
CUST_1165,NA,Mid-Market,24759.77,60,0.059,0.888,0,7.0,81.4
CUST_1031,APAC,Mid-Market,2612.98,30,0.12,0.872,30,5.0,74.3
CUST_1139,NA,SMB,4052.38,30,0.044,0.772,0,2.0,55.4
CUST_1126,EMEA,Mid-Market,17473.35,60,0.061,0.837,15,7.0,97.4
CUST_1195,NA,Enterprise,775.7,90,0.048,0.92,30,4.0,128.4
CUST_1249,NA,Enterprise,672.32,60,0.064,0.977,0,6.0,79.1
CUST_1166,APAC,Mid-Market,2219.98,60,0.109,0.919,45,12.0,126.3
CUST_1102,NA,SMB,10308.86,30,0.049,0.825,0,7.0,55.1
CUST_1101,NA,Mid-Market,404.92,60,0.04,0.841,0,10.0,86.7
CUST_1104,NA,SMB,244.19,30,0.059,0.823,0,4.0,53.6
CUST_1203,APAC,SMB,10255.62,60,0.114,0.856,0,4.0,90.2
CUST_1080,APAC,SMB,1206.56,60,0.096,0.845,0,6.0,87.3
CUST_1041,LATAM,Mid-Market,1655.17,60,0.127,0.859,0,6.0,89.7
CUST_1083,NA,Enterprise,183.97,30,0.046,0.912,0,3.0,39.4
CUST_1005,EMEA,SMB,1076.57,30,0.069,0.86,0,4.0,56.9
CUST_1026,NA,Mid-Market,2947.31,30,0.051,0.915,0,2.0,45.6
CUST_1022,EMEA,Mid-Market,12034.91,60,0.081,0.835,0,9.0,97.2
CUST_1192,LATAM,SMB,937.44,60,0.139,0.852,0,9.0,101.4
CUST_1180,APAC,Enterprise,35812.93,30,0.098,0.91,0,9.0,58.5
CUST_1174,EMEA,SMB,1067.6,60,0.064,0.776,30,5.0,110.6
CUST_1115,NA,SMB,1069.94,60,0.045,0.846,0,5.0,78.4
CUST_1179,LATAM,SMB,29912.64,30,0.105,0.824,0,3.0,62.1
CUST_1040,EMEA,Mid-Market,4093.64,30,0.062,0.871,0,5.0,48.5
CUST_1225,NA,SMB,1302.4,60,0.033,0.86,15,7.0,83.9
CUST_1125,NA,Mid-Market,2362.09,60,0.047,0.914,0,5.0,72.1
CUST_1234,NA,SMB,22688.43,60,0.037,0.776,0,5.0,95.0
CUST_1038,NA,SMB,26884.47,60,0.044,0.832,0,5.0,87.4
CUST_1124,NA,SMB,875.51,60,0.062,0.847,0,5.0,82.3
CUST_1174,EMEA,Mid-Market,2797.13,60,0.06,0.885,0,11.0,87.6
CUST_1123,EMEA,Enterprise,3412.62,90,0.074,0.998,0,6.0,94.7
CUST_1111,NA,Mid-Market,679.01,60,0.066,0.899,0,7.0,81.0
CUST_1041,EMEA,Mid-Market,2742.08,60,0.073,0.84,0,5.0,88.9
CUST_1095,LATAM,Mid-Market,3004.85,60,0.108,0.85,0,6.0,90.5
CUST_1059,APAC,Mid-Market,16486.78,60,0.094,0.913,0,9.0,81.5
CUST_1075,EMEA,Mid-Market,18235.72,60,0.074,0.93,0,7.0,80.4
CUST_1170,NA,SMB,1819.26,90,0.05,0.78,0,9.0,126.4
CUST_1157,APAC,SMB,2162.61,60,0.086,0.78,0,3.0,92.3
CUST_1151,NA,Mid-Market,8074.28,60,0.048,,0,9.0,76.0
CUST_1090,NA,SMB,1239.2,60,0.052,0.776,0,6.0,97.9
CUST_1239,LATAM,Mid-Market,7208.1,60,0.111,0.837,0,7.0,88.7
CUST_1021,EMEA,Mid-Market,2612.7,60,0.074,0.919,30,6.0,101.6
CUST_1085,APAC,Enterprise,696.38,60,0.083,0.98,0,5.0,70.2
CUST_1029,EMEA,SMB,709.63,60,0.063,,0,8.0,83.0
CUST_1084,EMEA,SMB,26123.43,90,0.082,0.835,15,7.0,131.2
CUST_1240,NA,SMB,2357.53,30,0.04,0.802,0,0.0,52.8
CUST_1091,NA,SMB,34910.09,60,0.054,0.861,0,4.0,89.4
CUST_1227,NA,SMB,1379.6,60,0.046,0.8,0,3.0,82.0
CUST_1123,NA,Mid-Market,4613.8,90,0.043,0.858,0,8.0,108.6
CUST_1174,APAC,Mid-Market,107905.93,90,0.117,0.919,0,8.0,122.8
CUST_1114,NA,Mid-Market,610.28,60,0.044,0.898,0,6.0,79.1
CUST_1066,EMEA,SMB,173.0,60,0.059,0.86,0,10.0,89.2
CUST_1191,APAC,Enterprise,20534.98,30,0.116,0.916,0,5.0,54.5
CUST_1242,APAC,Mid-Market,862.46,90,0.11,0.925,0,10.0,117.5
CUST_1065,EMEA,SMB,2889.79,30,0.077,0.831,0,3.0,56.1
CUST_1194,EMEA,Mid-Market,1237.84,60,0.052,0.897,0,4.0,76.4
CUST_1065,LATAM,SMB,4457.06,60,0.105,0.861,0,6.0,97.7
CUST_1179,EMEA,Mid-Market,716.37,60,0.076,0.868,0,8.0,93.5
CUST_1197,APAC,SMB,2275.81,30,0.088,0.842,0,4.0,59.4
CUST_1112,LATAM,SMB,5853.08,30,0.109,,0,4.0,63.6
CUST_1184,APAC,Mid-Market,656.9,60,0.111,0.909,0,5.0,84.9
CUST_1068,NA,SMB,1043.02,60,0.041,0.86,0,3.0,76.8
CUST_1019,EMEA,Mid-Market,1770.34,30,0.053,0.898,0,11.0,57.4
CUST_1024,NA,Mid-Market,349.6,60,0.031,0.837,0,8.0,83.3
CUST_1111,EMEA,Mid-Market,1581.55,30,0.068,0.848,0,3.0,48.8
CUST_1225,LATAM,SMB,3562.42,60,0.125,0.865,0,6.0,98.2
CUST_1031,EMEA,Enterprise,1637.09,60,0.085,0.997,0,8.0,75.0
CUST_1113,EMEA,Mid-Market,1984.13,30,0.054,0.927,0,5.0,42.9
CUST_1176,NA,SMB,2893.28,30,0.038,0.774,0,4.0,57.4
CUST_1050,LATAM,Mid-Market,1114.75,60,0.121,0.868,0,8.0,93.3
CUST_1180,NA,Mid-Market,8405.1,60,0.045,0.906,0,5.0,81.3
CUST_1076,NA,Enterprise,25692.83,60,0.049,0.975,0,10.0,80.0
CUST_1202,NA,Mid-Market,1485.39,60,0.067,0.839,0,11.0,87.5
CUST_1144,NA,SMB,6172.12,60,0.052,0.831,0,4.0,82.4
CUST_1136,EMEA,Enterprise,2080.94,30,0.067,0.914,0,6.0,46.7
CUST_1044,EMEA,Mid-Market,5157.62,30,0.09,0.879,0,0.0,49.7
CUST_1115,NA,SMB,31215.48,90,0.033,0.794,0,7.0,121.4
CUST_1214,NA,Enterprise,6393.19,30,0.067,,0,4.0,46.3
CUST_1004,NA,SMB,208.49,90,0.05,0.778,0,4.0,115.1
CUST_1189,NA,Mid-Market,5889.89,60,0.05,0.921,0,6.0,81.7
CUST_1123,NA,SMB,18945.01,30,0.067,0.844,0,3.0,52.0
CUST_1179,EMEA,SMB,2137.96,30,0.07,0.863,30,5.0,87.4
CUST_1165,NA,SMB,13272.54,30,0.048,0.817,0,5.0,59.5
CUST_1108,NA,Mid-Market,1058.73,60,0.041,0.871,0,8.0,76.2
CUST_1077,NA,Mid-Market,321.08,60,0.056,0.866,0,10.0,84.5
CUST_1156,EMEA,SMB,3684.0,60,0.073,0.832,0,5.0,90.6
CUST_1035,NA,Mid-Market,213.85,60,0.039,0.865,0,5.0,76.0
CUST_1146,NA,Mid-Market,2080.46,60,0.058,0.905,0,9.0,75.5
CUST_1023,APAC,Enterprise,20542.75,90,0.106,0.98,0,,108.6
CUST_1162,NA,SMB,169.92,90,0.046,0.858,0,10.0,118.5
CUST_1157,EMEA,SMB,437.36,60,0.05,0.794,0,5.0,79.7
CUST_1021,EMEA,Mid-Market,633.94,60,0.068,0.883,0,10.0,79.2
CUST_1189,NA,SMB,2710.86,60,0.03,0.792,15,2.0,95.6
CUST_1103,EMEA,Mid-Market,1722.32,60,0.053,0.834,15,6.0,93.6
CUST_1196,APAC,Mid-Market,24311.5,60,0.097,0.901,0,7.0,85.1
CUST_1010,APAC,Mid-Market,12475.51,30,0.083,0.885,0,6.0,54.2
CUST_1044,NA,Mid-Market,6266.1,60,0.041,0.902,0,6.0,72.3
CUST_1123,NA,Mid-Market,3708.73,90,0.056,0.839,0,9.0,117.6
CUST_1047,NA,SMB,5376.78,30,0.042,0.87,0,5.0,48.8
CUST_1082,EMEA,SMB,818.13,60,0.09,0.869,0,3.0,81.5
CUST_1165,EMEA,Mid-Market,10783.96,90,0.087,0.876,0,10.0,120.3
CUST_1036,NA,Mid-Market,562.24,30,0.053,0.917,0,6.0,45.6
CUST_1169,NA,Enterprise,10436.51,60,0.069,0.924,0,7.0,74.7
CUST_1025,LATAM,SMB,17662.76,90,0.135,0.844,0,9.0,123.1
CUST_1043,NA,SMB,4089.99,90,0.043,0.858,0,7.0,116.1
CUST_1146,EMEA,SMB,2288.57,30,0.08,0.851,0,4.0,55.8
CUST_1198,APAC,Mid-Market,5434.19,60,0.085,0.911,0,6.0,81.9
CUST_1042,NA,Enterprise,40.76,60,0.057,0.946,45,6.0,101.4
CUST_1074,NA,Mid-Market,4690.94,30,0.05,0.912,0,,47.1
CUST_1231,NA,Enterprise,2514.85,60,0.031,0.969,0,3.0,68.5
CUST_1247,LATAM,Enterprise,2762.96,30,0.111,0.913,0,7.0,55.8
CUST_1145,NA,Enterprise,8602.42,30,0.068,0.911,0,3.0,50.6
CUST_1111,NA,SMB,2664.7,60,0.043,0.847,0,6.0,86.7
CUST_1086,NA,Enterprise,538.99,60,0.037,0.963,15,6.0,80.4
CUST_1153,NA,Enterprise,2411.24,60,0.038,0.952,0,7.0,75.1
CUST_1147,EMEA,SMB,3298.86,60,0.069,0.861,0,5.0,85.5
CUST_1073,NA,Mid-Market,3541.84,60,0.064,0.896,0,6.0,80.1
CUST_1005,EMEA,SMB,3800.47,30,0.08,0.81,0,4.0,63.6
CUST_1037,EMEA,Mid-Market,14172.43,30,0.067,,0,6.0,50.2
CUST_1239,APAC,SMB,584.61,30,0.088,0.831,0,2.0,56.7
CUST_1104,NA,Mid-Market,3879.85,60,0.032,0.906,0,,84.5
CUST_1120,APAC,Mid-Market,20638.11,30,0.099,0.886,0,6.0,59.1
CUST_1116,EMEA,SMB,220.98,30,0.083,0.821,0,9.0,60.1
CUST_1195,NA,Mid-Market,3902.88,30,0.059,0.903,0,2.0,38.3
CUST_1016,APAC,Mid-Market,1238.84,60,0.096,0.901,0,9.0,78.3
CUST_1020,APAC,Mid-Market,1709.46,60,0.104,0.913,0,5.0,91.8
CUST_1068,NA,Enterprise,767.23,90,0.047,0.906,0,10.0,109.2
CUST_1121,LATAM,SMB,2311.55,60,0.123,0.845,0,4.0,91.0
CUST_1167,EMEA,Mid-Market,47187.46,60,0.071,0.881,0,5.0,85.1
CUST_1122,EMEA,Enterprise,447.36,30,0.077,0.907,0,2.0,39.3
CUST_1110,LATAM,Mid-Market,515.73,60,0.12,0.898,0,13.0,93.8
CUST_1234,NA,SMB,422.88,30,0.068,0.842,0,3.0,48.5
CUST_1040,APAC,Mid-Market,39780.31,60,0.097,,0,6.0,82.9
CUST_1142,NA,Mid-Market,1489.94,60,0.031,0.909,0,7.0,68.4
CUST_1135,APAC,SMB,2868.49,60,0.089,0.8,0,8.0,89.1
CUST_1118,EMEA,Enterprise,1629.17,30,0.07,0.92,0,1.0,45.5
CUST_1201,NA,SMB,722.97,60,0.052,0.805,0,2.0,78.5
CUST_1066,EMEA,Mid-Market,2094.93,60,0.072,0.871,0,8.0,86.8
CUST_1238,NA,Mid-Market,119057.92,60,0.059,0.9,0,7.0,87.3
CUST_1082,NA,Mid-Market,24055.2,60,0.041,0.915,0,9.0,81.7
CUST_1136,NA,SMB,829.31,60,0.057,0.842,45,5.0,116.2
CUST_1130,NA,Mid-Market,7874.31,30,0.058,,0,2.0,49.5
CUST_1212,NA,Mid-Market,856.38,60,0.046,0.867,0,2.0,73.6
CUST_1109,NA,Mid-Market,207.57,60,0.046,0.846,0,11.0,89.9
CUST_1071,APAC,Mid-Market,13756.5,30,0.087,0.899,30,4.0,83.7
CUST_1005,APAC,Mid-Market,16985.91,60,0.097,0.855,0,6.0,95.1
CUST_1090,APAC,Mid-Market,14315.22,90,0.111,0.883,0,11.0,115.0
CUST_1206,NA,Mid-Market,1473.21,60,0.066,0.909,30,5.0,98.4
CUST_1002,APAC,Enterprise,2321.19,60,0.104,0.967,30,7.0,102.0
CUST_1224,EMEA,Mid-Market,9178.77,60,0.062,0.86,0,7.0,86.5
CUST_1135,NA,Mid-Market,5362.81,60,0.057,0.863,0,5.0,73.7
CUST_1035,NA,Mid-Market,1651.67,60,0.06,0.895,0,4.0,70.1
CUST_1075,EMEA,Enterprise,262.8,30,0.063,0.955,0,3.0,45.2
CUST_1138,NA,Mid-Market,3536.22,60,0.063,0.84,0,8.0,82.9
CUST_1078,EMEA,Mid-Market,15040.69,60,0.053,0.917,0,4.0,72.0
CUST_1027,LATAM,Enterprise,494.53,30,0.1,0.951,0,3.0,42.9
CUST_1166,NA,Mid-Market,7770.88,60,0.035,0.877,0,5.0,79.9
CUST_1168,NA,Mid-Market,4901.58,30,0.036,0.85,0,0.0,41.4
CUST_1029,LATAM,SMB,9184.04,60,0.135,0.808,0,4.0,98.6
CUST_1070,EMEA,Mid-Market,11025.47,60,0.067,0.863,0,8.0,82.2
CUST_1060,NA,SMB,1051.85,60,0.041,0.797,0,5.0,78.2
CUST_1164,APAC,Mid-Market,263.63,60,0.097,0.887,0,6.0,90.5
CUST_1182,APAC,SMB,1339.06,90,0.096,0.816,0,7.0,125.2
CUST_1181,EMEA,Mid-Market,11312.81,60,0.062,0.919,0,10.0,83.0
CUST_1234,EMEA,Mid-Market,1322.12,60,0.056,0.924,15,,86.0
CUST_1192,NA,Mid-Market,1052.51,60,0.056,0.852,0,1.0,81.9
CUST_1080,NA,SMB,194.02,30,0.035,0.78,0,4.0,56.5
CUST_1026,EMEA,Mid-Market,41314.6,30,0.081,0.909,0,2.0,54.3
CUST_1153,NA,Mid-Market,10286.32,60,0.038,0.929,0,4.0,72.4
CUST_1229,EMEA,Mid-Market,9460.15,30,0.079,0.916,0,1.0,46.9
CUST_1243,APAC,SMB,12728.36,60,0.112,0.772,0,5.0,98.9
CUST_1057,NA,Enterprise,7080.24,60,0.035,0.925,0,2.0,67.2
CUST_1059,EMEA,Mid-Market,2066.28,60,0.053,0.834,0,6.0,82.9
CUST_1009,NA,Mid-Market,2331.7,30,0.068,0.912,0,4.0,44.6
CUST_1035,APAC,SMB,1569.72,60,0.099,0.828,0,6.0,93.8
CUST_1138,NA,Mid-Market,155144.33,60,0.055,0.881,0,3.0,75.3
CUST_1136,EMEA,Mid-Market,6862.78,60,0.051,0.885,0,10.0,87.3
CUST_1092,EMEA,SMB,1486.68,30,0.061,0.795,0,4.0,58.3
CUST_1077,NA,Mid-Market,5992.39,60,0.05,0.89,0,4.0,76.7
CUST_1207,EMEA,Enterprise,654.39,30,0.085,0.903,0,6.0,49.9
CUST_1115,APAC,Mid-Market,28474.38,60,0.091,0.895,0,6.0,85.5
CUST_1202,EMEA,Enterprise,1105.88,60,0.081,0.973,0,7.0,72.2
CUST_1240,APAC,Enterprise,6320.97,90,0.106,0.967,0,13.0,118.6
CUST_1079,LATAM,Mid-Market,14749.53,60,0.105,0.863,0,4.0,91.7
CUST_1050,EMEA,SMB,5308.97,60,0.062,0.853,0,3.0,81.6
CUST_1238,EMEA,SMB,3434.77,30,0.06,0.842,0,13.0,61.4
CUST_1158,NA,Enterprise,3029.65,60,0.048,0.913,0,9.0,76.7
CUST_1072,APAC,Mid-Market,2738.97,60,0.105,0.85,0,4.0,84.5
CUST_1155,EMEA,Enterprise,1255.08,60,0.067,0.964,0,5.0,78.4
CUST_1128,EMEA,SMB,1518.95,30,0.06,0.799,0,6.0,60.0
CUST_1226,NA,Enterprise,27429.81,30,0.058,0.912,0,3.0,44.3
CUST_1063,APAC,Mid-Market,2533.09,30,0.103,0.845,0,,54.1
CUST_1247,NA,Mid-Market,917.18,90,0.051,0.847,0,6.0,113.9
CUST_1234,EMEA,Mid-Market,1374.1,60,0.072,0.878,0,6.0,79.5
CUST_1045,NA,Mid-Market,15530.42,30,0.039,0.891,0,1.0,41.9
CUST_1041,LATAM,SMB,8212.48,90,0.127,0.788,0,8.0,135.2
CUST_1133,NA,Mid-Market,6908.4,30,0.046,0.901,0,2.0,46.2
CUST_1011,NA,SMB,2025.8,60,0.045,0.798,15,6.0,88.1
CUST_1074,APAC,Mid-Market,7044.79,60,0.086,0.861,0,4.0,84.7
CUST_1108,LATAM,SMB,1135.31,90,0.124,0.792,0,9.0,131.7
CUST_1242,NA,SMB,2019.45,60,0.054,0.849,0,6.0,83.1
CUST_1248,EMEA,SMB,12768.12,60,0.064,0.866,0,6.0,87.4
CUST_1037,APAC,Mid-Market,11063.61,90,0.114,0.879,0,9.0,114.6
CUST_1222,APAC,Mid-Market,683.44,30,0.114,0.834,0,4.0,46.3
CUST_1022,NA,Mid-Market,826.1,90,0.034,0.856,0,6.0,105.1
CUST_1187,EMEA,Mid-Market,3508.88,60,0.078,0.846,0,4.0,84.1
CUST_1211,APAC,Mid-Market,39703.66,90,0.096,0.914,0,8.0,105.6
CUST_1222,APAC,SMB,168.45,30,0.12,0.778,45,5.0,95.5
CUST_1055,APAC,SMB,4525.57,30,0.089,0.867,0,4.0,50.1
CUST_1223,EMEA,Mid-Market,378.39,60,0.061,0.889,0,5.0,77.9
CUST_1028,NA,Mid-Market,1151.13,60,0.048,0.882,0,7.0,87.5
CUST_1129,LATAM,SMB,1725.65,60,0.111,0.855,0,5.0,91.7
CUST_1117,APAC,SMB,1586.42,90,0.108,0.773,0,11.0,130.8
CUST_1078,APAC,Mid-Market,1338.5,60,0.099,0.908,0,2.0,83.6
CUST_1005,NA,Mid-Market,3013.36,60,0.039,0.842,0,,79.1
CUST_1193,NA,SMB,1335.57,60,0.05,0.854,0,13.0,89.7
CUST_1083,APAC,Mid-Market,332.39,30,0.116,0.883,0,4.0,58.3
CUST_1165,NA,Mid-Market,9602.75,30,0.062,0.836,0,3.0,53.0
CUST_1102,LATAM,SMB,9221.64,30,0.12,0.853,0,6.0,66.9
CUST_1093,NA,SMB,10559.29,60,0.042,0.773,0,4.0,86.9
CUST_1221,APAC,SMB,295.57,60,0.087,0.784,0,,90.8
CUST_1023,APAC,SMB,4667.49,60,0.115,0.85,0,11.0,101.6
CUST_1184,NA,Mid-Market,8217.06,60,0.058,,0,7.0,81.0
CUST_1186,NA,Mid-Market,634.73,60,0.053,0.918,0,7.0,82.6
CUST_1094,EMEA,Mid-Market,3022.26,60,0.085,0.894,0,4.0,76.4
CUST_1065,EMEA,Mid-Market,2503.89,60,0.055,0.892,0,1.0,80.9
CUST_1001,EMEA,Mid-Market,47250.85,60,0.077,0.859,0,6.0,88.4
CUST_1234,EMEA,Mid-Market,53462.94,60,0.059,0.843,0,7.0,83.3
CUST_1236,LATAM,Mid-Market,245.54,60,0.105,0.926,0,10.0,91.1
CUST_1060,EMEA,SMB,125604.14,60,0.069,0.78,0,8.0,94.0
CUST_1007,NA,Mid-Market,755.34,60,0.045,0.883,0,9.0,81.3
CUST_1030,NA,Mid-Market,12977.99,60,0.068,0.857,0,5.0,80.7
CUST_1016,NA,Enterprise,12781.41,60,0.043,0.926,0,6.0,74.0
CUST_1207,NA,Enterprise,669.46,60,0.063,0.959,0,4.0,73.8
CUST_1222,NA,SMB,6247.28,60,0.06,0.85,0,7.0,88.9
CUST_1038,EMEA,Mid-Market,2536.9,60,0.077,0.908,0,5.0,75.4
CUST_1186,NA,Mid-Market,6846.51,60,0.067,0.917,0,5.0,74.1
CUST_1044,LATAM,SMB,4213.33,60,0.116,0.799,0,3.0,96.1
CUST_1091,NA,Mid-Market,17935.0,30,0.046,0.877,0,6.0,52.4
CUST_1149,NA,Enterprise,3337.91,60,0.036,0.901,0,10.0,75.6
CUST_1179,APAC,Mid-Market,2317.37,60,0.091,0.905,0,5.0,89.5
CUST_1218,APAC,Enterprise,15430.42,90,0.115,0.93,0,7.0,117.5
CUST_1011,NA,Mid-Market,7119.51,30,0.049,0.886,0,6.0,47.4
CUST_1049,NA,Mid-Market,8934.9,60,0.044,0.847,0,2.0,75.1
CUST_1070,NA,Enterprise,1100.06,60,0.039,0.982,0,9.0,71.0
CUST_1077,EMEA,Enterprise,621.48,60,0.069,0.982,0,9.0,73.8
CUST_1249,EMEA,Mid-Market,1272.09,30,0.079,0.918,0,5.0,54.1
CUST_1194,NA,Enterprise,1174.7,90,0.041,0.905,0,6.0,107.7
CUST_1080,NA,SMB,9694.35,60,0.06,0.869,0,8.0,87.2
CUST_1242,EMEA,Enterprise,12887.02,60,0.075,0.925,0,7.0,81.8
CUST_1124,LATAM,Mid-Market,2362.1,60,0.132,0.861,0,,99.4
CUST_1125,EMEA,Mid-Market,25498.59,30,0.06,0.855,15,2.0,62.3
CUST_1108,EMEA,Mid-Market,23218.49,60,0.075,0.857,0,8.0,89.4
CUST_1035,NA,Enterprise,4294.53,30,0.036,0.955,0,2.0,39.6
CUST_1233,NA,SMB,868.84,60,0.045,0.794,0,5.0,87.5
CUST_1003,NA,SMB,31668.09,60,0.059,0.809,15,6.0,97.8
CUST_1043,APAC,Enterprise,2720.24,60,0.105,0.966,0,4.0,74.0
CUST_1057,APAC,Enterprise,3602.01,30,0.088,0.984,15,4.0,54.6
CUST_1069,LATAM,SMB,1791.11,30,0.134,,0,5.0,62.6
CUST_1032,LATAM,Mid-Market,784.71,30,0.102,0.889,30,4.0,72.0
CUST_1004,LATAM,Enterprise,329.32,30,0.124,0.915,0,2.0,53.0
CUST_1169,LATAM,Mid-Market,7702.52,60,0.139,0.912,0,3.0,88.9
CUST_1242,NA,Mid-Market,920.48,30,0.051,0.834,0,6.0,46.3
CUST_1030,NA,SMB,293401.38,60,0.062,0.796,0,2.0,87.9
CUST_1074,NA,Mid-Market,584.58,30,0.054,0.836,30,6.0,73.4
CUST_1126,EMEA,SMB,452.11,30,0.081,0.837,0,1.0,53.4
CUST_1231,NA,Mid-Market,6407.4,60,0.056,0.867,0,8.0,79.1
CUST_1173,APAC,Mid-Market,29553.88,30,0.108,0.895,0,5.0,51.9
CUST_1191,EMEA,Mid-Market,3284.22,60,0.059,0.865,0,9.0,87.4
CUST_1145,EMEA,Mid-Market,7032.96,90,0.08,0.876,0,9.0,110.8
CUST_1104,NA,Mid-Market,187.67,90,0.04,0.876,0,7.0,107.9
CUST_1049,NA,Enterprise,1078.94,60,0.069,0.905,30,13.0,104.1
CUST_1216,NA,Mid-Market,595.6,30,0.039,0.873,15,4.0,57.0
CUST_1201,APAC,SMB,173.72,60,0.089,0.834,0,8.0,93.3
CUST_1006,EMEA,Enterprise,3552.73,90,0.084,0.955,0,9.0,115.3
CUST_1178,APAC,Mid-Market,103.11,90,0.09,0.838,45,11.0,149.4
CUST_1021,NA,Mid-Market,410.23,30,0.044,0.897,0,4.0,48.6
CUST_1184,NA,Mid-Market,1331.7,60,0.059,0.861,0,7.0,71.9
CUST_1206,EMEA,SMB,856.69,60,0.056,0.771,0,4.0,93.4
CUST_1032,APAC,SMB,5402.48,30,0.086,0.786,0,,53.4
CUST_1108,APAC,SMB,4714.37,60,0.099,0.82,0,5.0,102.2
CUST_1030,NA,Enterprise,11392.36,30,0.04,0.931,0,1.0,37.3
CUST_1141,LATAM,Mid-Market,9214.89,60,0.109,0.899,0,11.0,99.3
CUST_1231,NA,Mid-Market,16501.71,30,0.03,0.854,0,8.0,57.4
CUST_1020,APAC,Mid-Market,2972.39,60,0.095,0.907,0,2.0,78.8
CUST_1099,NA,Enterprise,4699.45,30,0.043,0.929,0,5.0,41.0
CUST_1243,NA,Mid-Market,6420.62,60,0.031,0.892,0,5.0,73.6
CUST_1075,APAC,Mid-Market,3686.69,30,0.105,0.91,0,4.0,56.5
CUST_1033,NA,Mid-Market,1642.88,90,0.055,0.869,0,7.0,109.5
CUST_1122,EMEA,Enterprise,1810.46,30,0.053,0.905,0,3.0,39.7
CUST_1127,EMEA,SMB,874.51,60,0.063,0.824,30,8.0,113.9
CUST_1165,NA,SMB,5610.67,30,0.065,0.87,0,3.0,48.3
CUST_1078,APAC,Mid-Market,2588.87,30,0.103,0.927,0,,53.6
CUST_1238,APAC,SMB,1102.39,30,0.096,0.792,0,3.0,61.3
CUST_1130,APAC,Enterprise,1103.93,30,0.099,0.976,0,2.0,40.5
CUST_1071,NA,SMB,485.12,30,0.038,0.804,30,1.0,70.7
CUST_1240,EMEA,SMB,12942.37,60,0.082,0.786,0,5.0,98.2
CUST_1231,NA,Enterprise,3354.06,60,0.067,0.967,0,6.0,72.0
CUST_1124,NA,SMB,817.13,30,0.066,0.82,0,,53.2
CUST_1006,NA,SMB,10024.84,60,0.039,0.824,0,,83.4
CUST_1149,LATAM,SMB,1286.04,60,0.112,0.853,0,6.0,95.4
CUST_1138,APAC,SMB,361.5,30,0.086,0.804,0,4.0,55.8
CUST_1037,APAC,Mid-Market,13791.85,60,0.092,0.897,0,8.0,89.9
CUST_1158,EMEA,Enterprise,1331.89,30,0.063,0.937,30,3.0,65.2
CUST_1210,EMEA,SMB,1614.29,30,0.075,0.774,0,8.0,56.4
CUST_1026,EMEA,Mid-Market,3170.9,60,0.058,0.868,0,2.0,85.2
CUST_1180,EMEA,Mid-Market,16545.74,90,0.087,0.925,0,9.0,121.2
CUST_1035,EMEA,Mid-Market,3071.91,90,0.054,0.878,0,8.0,109.8
CUST_1187,NA,Mid-Market,493.4,90,0.03,0.841,0,10.0,108.9
CUST_1104,NA,Enterprise,6740.0,60,0.064,0.969,0,8.0,75.9
CUST_1001,LATAM,SMB,1440.17,30,0.128,0.866,0,3.0,55.5
CUST_1241,EMEA,Enterprise,50609.06,60,0.064,0.991,0,10.0,84.1
CUST_1041,LATAM,SMB,2975.96,30,0.124,0.827,0,5.0,63.8
CUST_1149,NA,SMB,104.32,30,0.039,0.808,0,4.0,59.2
CUST_1045,EMEA,Mid-Market,5095.17,30,0.057,0.888,0,3.0,44.8
CUST_1233,NA,Mid-Market,55099.54,60,0.049,0.912,0,5.0,78.8
CUST_1184,NA,Mid-Market,31693.93,60,0.044,0.916,0,5.0,83.1
CUST_1201,NA,SMB,46463.92,30,0.055,0.852,0,2.0,51.8
CUST_1108,NA,SMB,645.72,60,0.039,0.816,0,,83.7
CUST_1116,LATAM,Mid-Market,11710.35,60,0.127,0.842,0,8.0,100.6
CUST_1158,NA,Enterprise,1009.3,60,0.061,0.957,0,4.0,67.9
CUST_1196,EMEA,Mid-Market,4173.18,30,0.057,0.846,0,6.0,48.4
CUST_1211,EMEA,Mid-Market,441.67,60,0.052,0.836,0,7.0,77.5
CUST_1004,EMEA,SMB,1133.78,30,0.068,0.82,0,1.0,55.3
CUST_1165,EMEA,SMB,1080.99,60,0.081,0.836,0,9.0,92.6
CUST_1027,NA,Mid-Market,11473.93,30,0.056,0.915,30,6.0,75.9
CUST_1071,LATAM,SMB,9907.81,30,0.128,0.848,0,4.0,63.7
CUST_1207,APAC,Mid-Market,4515.31,60,0.096,0.916,0,4.0,76.7
CUST_1062,APAC,SMB,393.22,30,0.089,0.846,15,5.0,60.5
CUST_1199,EMEA,Mid-Market,1867.85,30,0.071,0.9,0,5.0,61.2
CUST_1115,NA,Mid-Market,973.43,90,0.038,0.831,0,8.0,115.0
CUST_1058,LATAM,SMB,10987.5,30,0.129,0.833,0,3.0,65.4
CUST_1083,NA,Mid-Market,17453.18,60,0.038,0.842,0,3.0,80.5
CUST_1132,NA,Mid-Market,14538.83,60,0.042,0.836,0,3.0,74.2
CUST_1191,NA,SMB,960.23,30,0.05,0.786,0,1.0,49.3
CUST_1151,APAC,Enterprise,48.95,60,0.099,0.982,45,5.0,115.8
CUST_1233,EMEA,Enterprise,210.52,30,0.074,0.974,0,3.0,42.3
CUST_1216,APAC,Mid-Market,25145.66,60,0.097,0.925,0,6.0,82.5
CUST_1188,APAC,Mid-Market,1632.91,30,0.117,0.928,0,1.0,44.7
CUST_1150,NA,Enterprise,966.72,30,0.064,0.989,0,7.0,39.4
CUST_1072,LATAM,Mid-Market,35031.06,60,0.135,0.843,0,,97.5
CUST_1103,EMEA,SMB,19885.38,90,0.075,0.858,45,8.0,162.5
CUST_1029,EMEA,Mid-Market,3092.31,60,0.075,0.914,0,,77.8
CUST_1093,NA,Mid-Market,1919.64,90,0.054,0.917,0,5.0,101.6
CUST_1231,LATAM,SMB,2445.12,60,0.117,0.785,0,6.0,98.3
CUST_1106,NA,Mid-Market,4191.21,60,0.043,0.842,0,3.0,79.6
CUST_1028,NA,SMB,32861.96,60,0.054,0.862,0,6.0,81.0
CUST_1162,EMEA,Mid-Market,5617.83,90,0.051,0.847,0,7.0,115.8
CUST_1240,NA,SMB,8857.71,60,0.03,0.807,0,,91.1
CUST_1216,NA,Mid-Market,17221.35,60,0.064,0.876,0,5.0,82.0
CUST_1068,EMEA,Enterprise,515.68,60,0.052,0.912,15,10.0,86.9
CUST_1113,NA,SMB,9249.2,60,0.051,0.772,0,7.0,89.0
CUST_1132,LATAM,Mid-Market,1916.29,30,0.125,0.929,0,4.0,48.7
CUST_1061,NA,Enterprise,68.43,60,0.038,0.988,0,,65.3
CUST_1067,APAC,Enterprise,122.46,60,0.116,0.991,0,3.0,75.2
CUST_1059,EMEA,Mid-Market,647.31,60,0.058,0.858,0,5.0,77.1
CUST_1248,EMEA,Enterprise,6613.28,60,0.085,0.922,0,7.0,87.3
CUST_1186,EMEA,Mid-Market,3535.82,60,0.081,0.873,0,5.0,85.8
CUST_1210,EMEA,Enterprise,3930.61,60,0.06,0.945,0,2.0,63.5
CUST_1204,LATAM,Mid-Market,55626.51,60,0.106,0.831,0,8.0,89.6
CUST_1239,NA,Mid-Market,444.24,30,0.043,0.908,0,4.0,40.4
CUST_1026,NA,Mid-Market,2860.78,90,0.046,,0,4.0,110.5
CUST_1220,EMEA,Mid-Market,4706.28,60,0.06,0.883,0,5.0,84.1
CUST_1016,APAC,Enterprise,987.91,30,0.12,0.939,0,3.0,54.4
CUST_1118,NA,Mid-Market,3110.35,30,0.039,0.869,0,1.0,44.4
CUST_1148,EMEA,Mid-Market,270.45,30,0.083,0.84,0,8.0,55.6
CUST_1089,APAC,Mid-Market,24707.43,60,0.086,0.857,0,5.0,82.7
CUST_1036,APAC,Enterprise,1072.32,60,0.119,0.95,0,6.0,81.6
CUST_1048,LATAM,Enterprise,62761.7,90,0.109,0.943,0,8.0,116.5
CUST_1206,EMEA,Mid-Market,2839.23,60,0.067,0.885,0,5.0,79.7
CUST_1079,EMEA,Mid-Market,13933.9,60,0.072,0.915,0,5.0,87.0
CUST_1077,NA,Mid-Market,2751.9,60,0.035,0.853,0,8.0,81.4
CUST_1230,LATAM,SMB,2846.61,60,0.133,0.773,0,6.0,105.9
CUST_1035,NA,Mid-Market,1241.35,60,0.041,0.834,0,9.0,77.7
CUST_1228,APAC,Mid-Market,3564.17,30,0.102,0.843,30,1.0,87.4
CUST_1230,EMEA,Mid-Market,4803.01,90,0.072,0.887,0,4.0,108.8
CUST_1149,EMEA,Enterprise,919.3,60,0.074,0.981,0,10.0,79.5
CUST_1041,APAC,Mid-Market,2471.14,60,0.082,0.919,0,5.0,85.1
CUST_1038,EMEA,Mid-Market,1193.75,90,0.057,0.894,0,10.0,111.7
CUST_1071,LATAM,Mid-Market,93854.04,60,0.106,0.87,0,6.0,96.1
CUST_1144,EMEA,Enterprise,2605.56,30,0.062,0.915,15,3.0,58.1
CUST_1038,EMEA,SMB,30268.06,60,0.056,0.81,0,9.0,90.5
CUST_1113,NA,SMB,2222.9,30,0.067,0.803,0,5.0,54.5
CUST_1028,EMEA,Enterprise,4398.12,60,0.071,0.987,0,,71.3
CUST_1135,EMEA,Mid-Market,410.74,30,0.075,0.879,0,2.0,47.1
CUST_1005,NA,SMB,1524.45,60,0.044,0.793,15,3.0,100.7
CUST_1177,NA,Mid-Market,4087.96,90,0.041,0.859,0,4.0,111.2
CUST_1013,EMEA,SMB,32176.95,30,0.07,0.784,0,5.0,61.8
CUST_1048,EMEA,Mid-Market,4158.77,60,0.062,0.922,0,4.0,79.7
CUST_1043,EMEA,SMB,23755.77,60,0.064,0.775,15,5.0,94.9
CUST_1207,NA,SMB,7793.88,60,0.048,0.771,0,5.0,86.3
CUST_1013,NA,Enterprise,34238.36,30,0.05,0.918,0,4.0,45.6
CUST_1107,NA,Mid-Market,2728.31,30,0.069,0.911,0,4.0,51.6
CUST_1147,APAC,Mid-Market,107509.45,60,0.089,0.882,45,8.0,125.4
CUST_1128,APAC,Enterprise,1439.29,60,0.1,0.963,0,4.0,81.9
CUST_1170,NA,Mid-Market,944.17,60,0.036,0.866,0,6.0,82.1
CUST_1200,EMEA,SMB,485.37,30,0.064,0.777,0,1.0,52.9
CUST_1098,NA,Enterprise,98374.51,60,0.059,0.986,0,5.0,72.6
CUST_1207,NA,Mid-Market,10190.09,60,0.037,0.849,0,2.0,79.1
CUST_1079,NA,SMB,1805.91,30,0.053,0.773,0,6.0,57.1
CUST_1246,NA,Mid-Market,19409.81,60,0.047,0.887,0,6.0,86.7
CUST_1126,EMEA,Mid-Market,8362.71,60,0.052,0.838,0,2.0,75.7
CUST_1184,LATAM,SMB,56908.0,60,0.137,0.78,0,1.0,99.5
CUST_1218,NA,Mid-Market,292.44,90,0.047,0.91,0,3.0,106.4
CUST_1198,EMEA,Enterprise,2002.12,60,0.081,0.949,0,9.0,77.4
CUST_1212,APAC,Enterprise,1489.53,60,0.097,0.924,0,5.0,77.1
CUST_1134,LATAM,SMB,154.39,30,0.137,0.805,0,4.0,65.5
CUST_1010,EMEA,Mid-Market,14625.05,30,0.062,0.903,0,2.0,50.8
CUST_1123,NA,Mid-Market,1987.05,30,0.046,0.837,0,4.0,47.6
CUST_1045,EMEA,Enterprise,9040.29,60,0.08,0.912,0,7.0,75.7
CUST_1222,NA,Mid-Market,102709.3,60,0.044,0.892,0,7.0,87.2
CUST_1059,LATAM,SMB,1754.84,30,0.115,0.831,0,3.0,64.0
CUST_1057,NA,Mid-Market,1584.89,30,0.07,0.927,0,6.0,52.0
CUST_1062,EMEA,SMB,3561.71,60,0.072,0.807,0,4.0,90.9
CUST_1160,NA,Mid-Market,13106.6,60,0.058,0.837,0,10.0,96.8
CUST_1142,EMEA,Mid-Market,1274.02,60,0.076,0.884,0,6.0,86.3
CUST_1237,APAC,SMB,1156.97,60,0.113,0.834,0,10.0,93.9
CUST_1104,EMEA,Mid-Market,14556.37,90,0.084,0.844,0,8.0,120.7
CUST_1070,EMEA,Mid-Market,5260.38,30,0.073,0.885,0,6.0,50.3
CUST_1012,LATAM,SMB,138.78,60,0.112,0.79,0,1.0,89.9
CUST_1001,APAC,Mid-Market,474.33,60,0.081,0.914,0,7.0,77.4
CUST_1093,NA,Mid-Market,28335.02,60,0.055,0.914,0,8.0,80.8
CUST_1231,EMEA,SMB,5447.39,90,0.083,0.813,0,13.0,129.9
CUST_1130,EMEA,Enterprise,950.23,30,0.068,0.997,0,,42.0
CUST_1223,EMEA,Mid-Market,2308.57,60,0.057,0.928,0,6.0,73.7
CUST_1025,NA,Enterprise,3040.74,60,0.042,0.913,0,5.0,66.9
CUST_1023,NA,Mid-Market,8987.59,90,0.05,0.867,15,4.0,129.0
CUST_1208,LATAM,Mid-Market,388.62,60,0.133,0.89,0,6.0,90.9
CUST_1026,LATAM,Mid-Market,844.36,60,0.107,0.838,0,7.0,88.6
CUST_1012,APAC,Enterprise,4489.22,60,0.104,0.938,0,7.0,83.6
CUST_1101,LATAM,Mid-Market,2566.37,60,0.13,0.856,30,5.0,122.6
CUST_1231,APAC,Mid-Market,7028.92,60,0.117,0.925,0,5.0,87.4
CUST_1172,APAC,Mid-Market,471.42,60,0.085,0.871,0,2.0,69.8
CUST_1024,APAC,Mid-Market,5093.36,30,0.117,0.906,0,3.0,64.4
CUST_1209,EMEA,SMB,15327.06,60,0.074,0.809,0,5.0,82.8
CUST_1210,EMEA,Mid-Market,6187.14,60,0.081,0.843,0,,87.0
CUST_1200,NA,Mid-Market,3672.65,60,0.032,0.916,0,5.0,70.6
CUST_1225,EMEA,SMB,2581.63,60,0.07,0.77,0,3.0,85.7
CUST_1059,NA,Mid-Market,852.12,90,0.055,0.836,0,11.0,118.0
CUST_1244,NA,Mid-Market,2675.8,60,0.042,0.866,0,3.0,68.4
CUST_1080,EMEA,SMB,19723.36,60,0.067,0.839,0,4.0,86.7
CUST_1200,EMEA,Mid-Market,2493.54,60,0.072,0.864,0,6.0,87.8
CUST_1144,NA,Enterprise,784.69,90,0.052,0.907,0,8.0,102.9
CUST_1194,APAC,Mid-Market,1424.58,30,0.082,0.862,45,3.0,80.9
CUST_1156,APAC,Enterprise,4029.01,60,0.098,0.924,0,,84.5
CUST_1160,NA,Mid-Market,1702.29,60,0.039,0.831,0,6.0,79.9
CUST_1154,NA,SMB,6173.09,60,0.067,0.823,0,,86.6
CUST_1194,NA,Enterprise,6530.68,90,0.069,0.912,15,11.0,118.3
CUST_1184,APAC,SMB,11310.36,60,0.092,0.799,0,5.0,96.0
CUST_1033,APAC,SMB,25218.65,60,0.087,0.834,0,9.0,98.6
CUST_1206,NA,Mid-Market,13276.99,60,0.039,0.903,0,8.0,76.3
CUST_1134,APAC,SMB,734.1,60,0.099,0.796,0,7.0,91.0
CUST_1080,NA,SMB,768.7,60,0.065,0.803,0,6.0,88.1
CUST_1128,NA,SMB,2660.7,30,0.05,0.795,0,8.0,55.7
CUST_1241,LATAM,Mid-Market,1515.1,60,0.102,0.926,0,5.0,85.2
CUST_1214,NA,Enterprise,540.51,60,0.032,0.919,0,6.0,77.7
CUST_1208,NA,Mid-Market,1536.81,60,0.039,0.848,15,7.0,92.2
CUST_1115,EMEA,Mid-Market,1462.98,60,0.084,0.875,0,11.0,83.3
CUST_1196,EMEA,Enterprise,1088.14,60,0.075,0.919,0,5.0,77.2
CUST_1096,LATAM,Mid-Market,1856.25,60,0.123,0.846,0,10.0,95.4
CUST_1171,LATAM,Enterprise,17460.15,30,0.113,0.91,0,,54.8
CUST_1159,NA,SMB,4019.28,60,0.067,0.834,0,10.0,92.8
CUST_1062,NA,Mid-Market,121505.35,60,0.043,0.891,0,7.0,85.6
CUST_1066,APAC,Enterprise,3849.75,30,0.113,0.965,0,2.0,45.9
CUST_1015,NA,Enterprise,1929.28,30,0.066,0.977,0,4.0,39.5
CUST_1034,APAC,Mid-Market,2999.5,60,0.099,0.863,0,6.0,95.8
CUST_1108,EMEA,Mid-Market,4379.71,60,0.086,0.922,0,4.0,84.0
CUST_1119,NA,Enterprise,5726.62,60,0.041,0.973,0,9.0,77.1
CUST_1041,APAC,Mid-Market,67175.71,30,0.106,0.91,0,9.0,61.6
CUST_1104,NA,Enterprise,838.84,60,0.034,0.972,0,8.0,67.0
CUST_1151,EMEA,Mid-Market,10813.7,60,0.069,0.866,0,7.0,89.5
CUST_1058,EMEA,Mid-Market,4070.93,60,0.059,0.858,0,7.0,84.4
CUST_1084,EMEA,Mid-Market,282.41,60,0.053,0.872,0,2.0,73.9
CUST_1091,EMEA,Mid-Market,9471.55,30,0.05,0.84,0,1.0,48.0
CUST_1126,EMEA,Enterprise,19959.0,90,0.063,0.945,15,11.0,118.8
CUST_1091,LATAM,Enterprise,824.05,30,0.124,0.904,0,4.0,57.5
CUST_1184,LATAM,Mid-Market,2941.28,60,0.118,0.83,0,8.0,97.7
CUST_1081,EMEA,SMB,224.07,30,0.062,0.863,0,2.0,51.1
CUST_1108,NA,SMB,451.15,60,0.07,0.839,0,8.0,87.5
CUST_1094,APAC,SMB,14357.74,30,0.118,0.826,0,5.0,61.9
CUST_1045,LATAM,Mid-Market,1480.86,60,0.105,0.864,0,5.0,79.9
CUST_1171,NA,Mid-Market,564.98,60,0.047,0.887,0,7.0,73.3
CUST_1058,EMEA,Mid-Market,4205.68,60,0.076,0.919,0,7.0,78.6
CUST_1074,EMEA,SMB,1361.55,30,0.079,0.835,0,5.0,53.5
CUST_1198,NA,SMB,1471.1,30,0.045,0.83,0,5.0,54.9
CUST_1237,EMEA,SMB,9036.16,60,0.08,,0,5.0,93.0
CUST_1167,NA,SMB,521.86,60,0.035,,0,7.0,85.4
CUST_1229,APAC,Mid-Market,766.59,60,0.093,0.9,0,6.0,89.6
CUST_1213,APAC,SMB,3756.04,90,0.109,0.868,30,9.0,143.6
CUST_1120,APAC,SMB,12760.56,60,0.105,0.812,0,4.0,92.8
CUST_1192,EMEA,Mid-Market,19096.12,90,0.083,0.869,0,,119.3
CUST_1082,NA,SMB,1099.28,30,0.032,0.813,0,7.0,59.9
CUST_1115,APAC,Enterprise,12161.93,60,0.087,0.943,0,8.0,82.4
CUST_1133,APAC,SMB,919.46,60,0.082,0.869,0,,84.6
CUST_1240,EMEA,SMB,46134.39,60,0.058,0.841,0,8.0,84.4
CUST_1212,APAC,Enterprise,544.21,90,0.08,0.936,0,11.0,109.1
CUST_1122,NA,Mid-Market,21866.66,60,0.05,0.867,0,4.0,84.5
CUST_1163,APAC,Enterprise,1113.51,60,0.101,0.943,0,5.0,69.9
CUST_1050,NA,SMB,61075.72,60,0.056,0.774,0,4.0,95.5
CUST_1201,NA,SMB,7237.14,30,0.045,0.823,30,2.0,76.8
CUST_1138,EMEA,Mid-Market,649.35,60,0.05,0.911,0,11.0,79.9
CUST_1133,NA,SMB,1361.91,60,0.057,0.836,0,8.0,83.9
CUST_1191,NA,Enterprise,9621.66,90,0.032,0.92,0,9.0,114.3
CUST_1158,NA,Mid-Market,14457.47,60,0.065,0.903,0,13.0,93.4
CUST_1018,EMEA,Mid-Market,2680.95,30,0.051,,0,8.0,50.8
CUST_1072,APAC,Enterprise,3187.48,30,0.101,0.926,0,6.0,51.5
CUST_1044,NA,Mid-Market,9297.77,30,0.066,0.892,0,6.0,48.5
CUST_1183,EMEA,Mid-Market,3632.58,60,0.073,0.891,0,6.0,82.5
CUST_1008,APAC,Mid-Market,428.27,30,0.104,0.914,0,3.0,48.1
CUST_1050,NA,Mid-Market,880.54,60,0.057,0.844,0,10.0,85.2
CUST_1149,NA,SMB,4241.53,60,0.035,0.789,0,7.0,95.4
CUST_1173,APAC,Mid-Market,18457.45,60,0.107,0.879,0,11.0,93.4
CUST_1125,APAC,SMB,33656.91,30,0.115,0.774,0,6.0,65.1
CUST_1215,EMEA,Mid-Market,9597.85,60,0.089,0.872,0,5.0,78.7
CUST_1229,APAC,Mid-Market,4586.79,30,0.098,0.909,0,7.0,56.5
CUST_1033,NA,Mid-Market,9165.68,60,0.044,0.845,0,10.0,83.1
CUST_1238,NA,Mid-Market,1096.49,30,0.06,0.876,0,3.0,48.0
CUST_1153,APAC,Mid-Market,2368.84,30,0.102,0.929,0,3.0,44.2
CUST_1159,NA,Mid-Market,865.93,30,0.04,0.881,0,3.0,47.7
CUST_1023,APAC,Enterprise,458.01,60,0.087,0.95,0,5.0,72.1
CUST_1155,EMEA,Mid-Market,4916.36,30,0.057,0.886,0,3.0,48.4
CUST_1181,APAC,Mid-Market,3937.38,60,0.098,0.849,0,6.0,87.1
CUST_1145,EMEA,Mid-Market,8362.22,60,0.057,0.845,0,11.0,96.0
CUST_1021,NA,SMB,6762.63,60,0.031,0.838,0,4.0,82.9
CUST_1130,NA,Mid-Market,4289.68,30,0.032,,0,2.0,52.8
CUST_1233,NA,SMB,6870.04,30,0.067,0.799,0,4.0,59.7
CUST_1180,APAC,SMB,2796.08,60,0.083,0.773,0,7.0,101.3
CUST_1034,NA,SMB,5537.71,30,0.033,0.855,30,3.0,71.9
CUST_1239,NA,SMB,1003.03,60,0.048,,0,7.0,90.5
CUST_1239,NA,Enterprise,5190.36,60,0.04,,0,4.0,73.4
CUST_1042,NA,Mid-Market,8124.39,60,0.069,0.868,0,10.0,90.3
CUST_1200,APAC,Enterprise,1091.69,30,0.116,0.96,0,3.0,48.5
CUST_1101,NA,SMB,3221.97,60,0.046,0.795,0,3.0,83.1
CUST_1148,LATAM,Mid-Market,1169.81,30,0.118,0.846,30,2.0,79.3
CUST_1111,NA,Mid-Market,1353.22,60,0.045,0.883,0,4.0,81.0
CUST_1195,EMEA,SMB,551.48,30,0.052,0.84,0,4.0,58.6
CUST_1249,EMEA,Enterprise,19903.73,90,0.062,0.92,0,9.0,108.4
CUST_1198,NA,Mid-Market,14743.06,60,0.035,0.874,0,,81.1
CUST_1232,APAC,SMB,6675.18,30,0.084,0.814,45,3.0,90.1
CUST_1236,LATAM,Enterprise,57428.38,30,0.122,0.922,15,4.0,70.1
CUST_1022,APAC,Mid-Market,2244.26,60,0.084,0.887,0,5.0,80.0
CUST_1063,NA,SMB,281431.29,30,0.034,0.785,0,2.0,60.5
CUST_1180,NA,Enterprise,2119.01,30,0.049,0.951,0,3.0,41.2
CUST_1147,EMEA,Mid-Market,4371.19,60,0.068,0.841,0,5.0,81.5
CUST_1012,NA,Mid-Market,1641.45,60,0.036,0.879,0,4.0,82.4
CUST_1023,APAC,Mid-Market,5210.8,30,0.08,0.861,0,3.0,47.7
CUST_1130,EMEA,Enterprise,10440.24,60,0.058,0.945,0,5.0,81.0
CUST_1154,EMEA,SMB,2512.73,30,0.059,0.813,0,5.0,58.5
CUST_1041,APAC,SMB,42833.67,90,0.112,0.861,0,,119.8
CUST_1042,APAC,Enterprise,4267.25,30,0.117,0.949,0,5.0,56.4
CUST_1032,NA,Mid-Market,4472.61,60,0.046,0.912,0,5.0,80.5
CUST_1141,NA,Mid-Market,762.42,60,0.046,0.853,0,3.0,75.4
CUST_1001,EMEA,SMB,5584.49,30,0.078,0.805,0,5.0,56.0
CUST_1143,EMEA,Mid-Market,2438.06,30,0.075,0.838,0,1.0,43.7
CUST_1118,NA,Enterprise,1197.08,60,0.037,0.942,0,4.0,78.9
CUST_1116,EMEA,Enterprise,930.1,60,0.054,0.967,0,4.0,66.3
CUST_1169,APAC,SMB,164003.83,60,0.098,0.854,0,3.0,86.7
CUST_1130,APAC,Mid-Market,2007.78,60,0.103,0.887,0,3.0,84.2
CUST_1181,EMEA,SMB,335.13,60,0.056,0.834,0,8.0,81.2
CUST_1190,NA,Mid-Market,1045.94,60,0.042,0.848,0,15.0,85.3
CUST_1230,NA,SMB,2759.07,60,0.042,0.774,0,5.0,91.2
CUST_1199,EMEA,Enterprise,6768.27,60,0.06,0.979,0,2.0,71.0
CUST_1129,NA,Enterprise,6851.31,60,0.048,0.917,0,6.0,73.3
CUST_1123,EMEA,SMB,8224.9,30,0.076,0.779,0,2.0,58.6
CUST_1058,EMEA,SMB,1133.1,60,0.07,0.864,0,,84.7
CUST_1149,NA,Mid-Market,4967.44,30,0.038,0.926,0,3.0,43.0
CUST_1034,NA,Mid-Market,801.04,30,0.034,0.892,0,3.0,40.7
CUST_1232,NA,Mid-Market,1176.78,60,0.063,0.868,0,,78.4
CUST_1211,APAC,Mid-Market,752.53,60,0.099,0.913,0,2.0,77.3
CUST_1029,EMEA,Enterprise,501.41,30,0.052,0.92,0,4.0,39.5
CUST_1196,NA,SMB,14710.46,30,0.04,0.813,0,4.0,59.3
CUST_1029,APAC,Mid-Market,8374.26,60,0.112,0.866,0,8.0,94.3
CUST_1180,EMEA,SMB,12900.2,60,0.08,,0,4.0,82.6
CUST_1021,EMEA,Enterprise,3162.03,30,0.085,0.992,0,4.0,36.9
CUST_1122,LATAM,Enterprise,9558.74,30,0.124,0.965,15,3.0,61.0
CUST_1164,NA,Mid-Market,212.31,60,0.047,0.841,0,6.0,89.1
CUST_1182,NA,Mid-Market,10879.45,90,0.047,0.878,0,11.0,111.4
CUST_1104,EMEA,Mid-Market,3888.12,30,0.058,0.855,0,4.0,50.3
CUST_1230,NA,Enterprise,7636.27,90,0.056,0.988,0,12.0,107.7
CUST_1193,EMEA,SMB,5271.31,60,0.073,0.784,0,4.0,89.2
CUST_1052,NA,SMB,678.18,30,0.036,0.775,0,2.0,51.1
CUST_1167,NA,SMB,315.12,60,0.065,0.84,0,9.0,92.7
CUST_1182,NA,Enterprise,1024.46,60,0.045,0.945,0,3.0,70.4
CUST_1083,EMEA,Mid-Market,6956.11,60,0.052,,0,7.0,83.8
CUST_1184,NA,Mid-Market,8392.86,60,0.043,0.837,0,3.0,81.8
CUST_1224,NA,Mid-Market,383.02,60,0.065,0.91,0,2.0,77.5
CUST_1204,APAC,Mid-Market,684.27,60,0.117,0.834,0,9.0,99.2
CUST_1190,NA,Enterprise,1007.42,60,0.05,0.903,15,2.0,87.1
CUST_1158,NA,Mid-Market,1744.18,90,0.068,0.876,0,2.0,116.2
CUST_1067,NA,Mid-Market,386.42,60,0.065,0.852,0,10.0,90.3
CUST_1198,NA,Mid-Market,353.16,60,0.063,0.889,0,,73.3
CUST_1091,NA,Enterprise,868.92,60,0.064,0.903,0,3.0,76.0
CUST_1133,EMEA,Mid-Market,3392.7,30,0.065,0.834,0,0.0,51.5
CUST_1078,NA,Mid-Market,507.3,30,0.06,0.903,0,6.0,55.7
CUST_1078,APAC,Mid-Market,2505.63,60,0.103,0.851,0,3.0,81.6
CUST_1039,LATAM,Mid-Market,14586.17,60,0.129,0.896,0,6.0,93.5
CUST_1240,NA,Mid-Market,422.98,30,0.037,0.905,0,5.0,42.3
CUST_1036,NA,SMB,2187.1,60,0.059,0.776,0,2.0,87.4
CUST_1021,NA,Mid-Market,13865.17,30,0.068,0.907,0,5.0,48.9
CUST_1234,EMEA,Mid-Market,1591.76,60,0.062,0.857,0,2.0,80.4
CUST_1138,NA,SMB,1260.79,60,0.069,0.809,0,4.0,80.2
CUST_1109,APAC,Mid-Market,17072.83,30,0.095,0.839,0,4.0,61.3
CUST_1184,APAC,SMB,1883.14,60,0.088,0.854,0,7.0,91.7
CUST_1095,APAC,SMB,15626.8,30,0.084,0.826,0,4.0,61.6
CUST_1031,EMEA,Enterprise,5672.86,90,0.081,0.95,45,9.0,150.9
CUST_1182,LATAM,Mid-Market,1782.43,30,0.122,0.927,0,8.0,57.6
CUST_1043,NA,Mid-Market,6121.34,90,0.042,0.863,0,7.0,112.9
CUST_1138,EMEA,SMB,4820.7,60,0.074,0.859,0,6.0,87.5
CUST_1237,NA,Mid-Market,13784.83,30,0.043,0.902,15,5.0,60.1
CUST_1234,LATAM,Enterprise,1309.61,30,0.118,0.993,0,3.0,55.6
CUST_1090,EMEA,Mid-Market,3171.02,30,0.085,0.921,0,4.0,49.2
CUST_1195,APAC,Enterprise,2718.2,60,0.107,0.999,0,3.0,71.7
CUST_1153,NA,SMB,8571.71,60,0.06,0.783,0,1.0,92.6
CUST_1119,LATAM,Mid-Market,640.49,60,0.123,0.91,0,6.0,86.5
CUST_1034,EMEA,SMB,13704.31,60,0.09,0.85,0,7.0,84.5
CUST_1094,EMEA,SMB,5999.87,60,0.06,0.834,0,7.0,85.7
CUST_1162,LATAM,Mid-Market,413.48,60,0.11,0.858,0,9.0,87.7
CUST_1246,NA,Mid-Market,18258.65,60,0.034,0.927,0,7.0,70.9
CUST_1001,NA,SMB,85062.34,60,0.052,0.79,0,6.0,89.8
CUST_1179,EMEA,SMB,13396.53,60,0.075,0.82,0,11.0,95.2
CUST_1211,NA,SMB,25348.56,90,0.059,0.822,0,4.0,121.4
CUST_1237,NA,Enterprise,3388.21,60,0.043,0.916,0,10.0,80.5
CUST_1105,NA,Mid-Market,246.59,30,0.03,0.902,0,4.0,45.8
CUST_1029,NA,Mid-Market,187.51,30,0.055,0.839,15,2.0,54.9
CUST_1067,APAC,SMB,4370.46,60,0.12,0.839,0,9.0,100.5
CUST_1212,EMEA,Mid-Market,1226.64,60,0.062,0.915,0,6.0,84.4
CUST_1219,NA,Mid-Market,756.07,90,0.037,0.865,0,8.0,112.2
CUST_1159,EMEA,Enterprise,2713.19,60,0.061,0.971,0,4.0,72.6
CUST_1030,EMEA,Mid-Market,7505.4,60,0.067,0.846,0,7.0,80.7
CUST_1030,EMEA,SMB,337.26,60,0.06,0.855,0,12.0,95.0
CUST_1119,LATAM,Mid-Market,1520.33,30,0.114,0.925,0,4.0,61.7
CUST_1147,LATAM,Enterprise,28704.41,60,0.126,0.915,0,9.0,91.9
CUST_1008,NA,SMB,594.11,30,0.044,0.839,45,1.0,80.0
CUST_1171,NA,SMB,10988.91,60,0.046,0.821,0,4.0,84.3
CUST_1136,EMEA,Enterprise,1440.73,90,0.052,,0,6.0,101.2
CUST_1003,EMEA,Mid-Market,6759.41,60,0.087,0.901,0,0.0,75.5
CUST_1023,EMEA,SMB,15459.69,60,0.066,0.819,0,5.0,91.5
CUST_1113,EMEA,SMB,9062.7,60,0.063,0.83,30,3.0,109.2
CUST_1180,EMEA,Mid-Market,11657.9,60,0.053,0.853,0,6.0,87.6
CUST_1206,NA,Mid-Market,529.86,60,0.055,0.868,0,7.0,82.2
CUST_1107,NA,Mid-Market,15843.1,60,0.065,0.917,0,13.0,83.5
CUST_1073,NA,Enterprise,829.61,30,0.032,0.911,45,2.0,70.3
CUST_1242,NA,SMB,4399.79,30,0.036,0.83,0,6.0,52.5
CUST_1114,NA,Enterprise,4391.25,60,0.036,0.918,0,3.0,69.7
CUST_1078,APAC,Enterprise,6171.42,30,0.104,0.985,0,2.0,51.4
CUST_1110,NA,SMB,4941.55,60,0.067,0.828,0,6.0,95.3
CUST_1003,NA,SMB,840.74,60,0.048,0.81,0,9.0,92.2
CUST_1075,EMEA,SMB,393.55,90,0.064,0.795,0,6.0,119.2
CUST_1128,APAC,Mid-Market,11031.64,30,0.111,0.874,0,9.0,56.5
CUST_1229,NA,Mid-Market,3939.27,90,0.06,0.926,0,6.0,108.7
CUST_1184,APAC,Mid-Market,16715.06,30,0.09,0.881,0,3.0,51.1
CUST_1195,LATAM,Mid-Market,2787.5,60,0.106,0.877,0,7.0,96.7
CUST_1136,EMEA,Mid-Market,362.22,60,0.064,0.905,0,3.0,69.7
CUST_1027,EMEA,Mid-Market,12697.93,30,0.081,0.868,0,4.0,54.6
CUST_1097,NA,Mid-Market,1710.33,30,0.058,0.873,0,2.0,42.8
CUST_1249,LATAM,SMB,4979.1,30,0.127,0.804,0,3.0,65.7
CUST_1011,NA,SMB,1128.69,60,0.063,0.785,0,,94.4
CUST_1219,LATAM,Enterprise,35117.42,60,0.111,0.971,0,13.0,94.3
CUST_1171,EMEA,Mid-Market,800.43,30,0.064,0.917,0,6.0,48.4
CUST_1070,NA,Enterprise,1796.97,30,0.032,0.991,0,9.0,44.2
CUST_1194,NA,Mid-Market,3502.29,60,0.065,0.918,0,4.0,74.0
CUST_1209,EMEA,Mid-Market,579.25,30,0.073,0.875,0,4.0,50.8
CUST_1010,EMEA,Enterprise,4894.07,60,0.062,0.928,0,8.0,82.1
CUST_1026,NA,SMB,33451.96,90,0.033,0.834,0,7.0,118.5
CUST_1166,APAC,Mid-Market,1428.4,60,0.109,0.925,0,,81.0
CUST_1249,APAC,SMB,5392.23,60,0.11,0.843,0,5.0,91.0
CUST_1005,EMEA,Enterprise,48.22,60,0.077,0.949,15,4.0,87.6
CUST_1166,EMEA,Enterprise,2811.87,60,0.058,0.969,0,7.0,69.5
CUST_1034,NA,Mid-Market,1863.92,30,0.067,0.907,15,3.0,53.5
CUST_1162,APAC,Enterprise,873.28,30,0.11,0.992,0,3.0,46.3
CUST_1155,NA,Mid-Market,15095.86,60,0.056,0.906,15,8.0,91.4
CUST_1022,APAC,SMB,1827.37,30,0.106,0.813,0,3.0,54.9
CUST_1170,NA,Mid-Market,2284.23,60,0.066,0.857,30,7.0,111.0
CUST_1224,EMEA,Enterprise,1692.92,60,0.087,0.95,0,9.0,74.6
CUST_1215,NA,Mid-Market,168.14,90,0.054,0.863,0,9.0,111.9
CUST_1007,NA,Mid-Market,545.67,60,0.047,0.924,0,7.0,74.3
CUST_1061,APAC,Mid-Market,12602.37,60,0.095,0.881,0,7.0,87.2
CUST_1060,EMEA,Mid-Market,125.85,60,0.083,0.877,0,6.0,78.6
CUST_1113,EMEA,SMB,944.38,30,0.076,0.805,15,4.0,71.6
CUST_1035,LATAM,Enterprise,1636.67,60,0.103,0.964,0,6.0,80.8
CUST_1213,LATAM,Mid-Market,40759.03,60,0.106,0.882,0,9.0,98.2
CUST_1194,APAC,Mid-Market,9441.84,90,0.116,0.843,0,8.0,120.6
CUST_1202,NA,SMB,1292.38,60,0.065,0.857,0,8.0,95.1
CUST_1049,EMEA,Mid-Market,21094.56,30,0.088,0.866,30,2.0,67.1
CUST_1003,APAC,Mid-Market,981.64,60,0.097,0.873,0,6.0,79.7
CUST_1227,NA,Enterprise,13543.33,60,0.061,0.921,0,5.0,82.3
CUST_1072,NA,Enterprise,388.26,30,0.063,0.955,0,5.0,43.0
CUST_1164,APAC,Enterprise,14911.48,60,0.093,0.97,0,10.0,84.4
CUST_1227,EMEA,SMB,1621.0,30,0.056,0.858,0,4.0,54.7
CUST_1009,EMEA,Mid-Market,637.3,30,0.09,0.835,0,2.0,53.9
CUST_1001,LATAM,SMB,2152.28,60,0.101,0.867,0,5.0,92.4
CUST_1001,EMEA,Enterprise,4518.87,30,0.074,0.97,0,4.0,38.6
CUST_1039,EMEA,SMB,1419.24,60,0.076,,0,3.0,90.4
CUST_1012,NA,SMB,6842.65,30,0.057,0.79,0,2.0,57.9
CUST_1204,EMEA,Enterprise,1243.28,60,0.06,0.93,0,9.0,83.5
CUST_1151,NA,Enterprise,7559.49,30,0.059,0.988,15,4.0,57.9
CUST_1245,APAC,Enterprise,5786.79,60,0.089,0.929,30,5.0,103.1
CUST_1200,APAC,SMB,2720.62,30,0.113,0.816,15,2.0,66.7
CUST_1240,NA,Mid-Market,1537.52,60,0.039,0.901,0,4.0,82.1
CUST_1059,NA,Mid-Market,3741.76,60,0.058,0.917,0,4.0,72.1
CUST_1071,APAC,Mid-Market,6804.78,30,0.111,0.896,0,7.0,59.5
CUST_1212,NA,SMB,65689.79,60,0.038,0.845,0,3.0,82.5
CUST_1061,EMEA,Mid-Market,12199.26,60,0.06,,30,7.0,106.3
CUST_1014,EMEA,Mid-Market,12887.14,90,0.081,0.918,0,6.0,115.1
CUST_1167,EMEA,SMB,306437.25,60,0.053,0.798,0,6.0,94.1
CUST_1200,NA,Enterprise,6463.57,30,0.038,0.913,45,7.0,81.1
CUST_1242,EMEA,SMB,6166.98,60,0.068,,0,8.0,85.1
CUST_1231,NA,Enterprise,8570.0,60,0.067,0.92,0,2.0,71.7
CUST_1030,EMEA,Mid-Market,656.26,30,0.072,0.844,0,3.0,47.5
CUST_1193,NA,SMB,1531.72,60,0.046,0.833,0,7.0,84.8
CUST_1211,EMEA,Mid-Market,1395.13,60,0.089,0.862,0,3.0,80.8
CUST_1174,EMEA,Mid-Market,7874.78,60,0.069,0.843,0,5.0,91.5
CUST_1204,NA,Mid-Market,2295.57,60,0.047,0.89,0,7.0,78.5
CUST_1209,NA,Mid-Market,3667.76,60,0.046,0.906,0,8.0,71.4
CUST_1111,NA,Mid-Market,15232.43,30,0.042,0.909,0,4.0,52.2
CUST_1010,NA,Mid-Market,10880.49,60,0.043,0.846,0,3.0,81.0
CUST_1114,NA,Mid-Market,2338.86,30,0.058,0.886,0,6.0,49.2
CUST_1050,LATAM,Mid-Market,1091.17,60,0.102,0.911,0,8.0,86.5
CUST_1028,EMEA,Mid-Market,16365.19,60,0.077,0.846,0,,82.5
CUST_1031,APAC,Mid-Market,9517.02,60,0.088,0.851,0,4.0,94.1
CUST_1174,LATAM,Mid-Market,267.9,30,0.115,0.83,0,4.0,59.8
CUST_1126,NA,Enterprise,1863.61,30,0.036,0.952,0,3.0,30.9
CUST_1134,EMEA,SMB,3821.02,60,0.072,0.789,0,7.0,93.3
CUST_1186,APAC,Mid-Market,9587.78,60,0.109,0.902,0,7.0,92.8
CUST_1137,EMEA,Enterprise,11674.38,90,0.064,0.996,0,8.0,105.5
CUST_1157,EMEA,Mid-Market,4563.56,60,0.057,0.851,30,8.0,104.1
CUST_1021,EMEA,SMB,7171.51,60,0.059,,30,1.0,101.3
CUST_1212,NA,Mid-Market,3281.99,30,0.063,0.851,0,1.0,43.8
CUST_1112,EMEA,Enterprise,1084.88,60,0.061,0.902,0,9.0,85.6
CUST_1038,LATAM,Enterprise,2014.45,30,0.131,0.976,0,6.0,51.7
CUST_1203,LATAM,Enterprise,3067.1,60,0.113,0.943,0,3.0,73.1
CUST_1183,NA,SMB,2829.86,30,0.038,0.865,30,5.0,75.5
CUST_1013,APAC,SMB,176.2,30,0.109,0.823,0,7.0,64.1
CUST_1048,NA,Enterprise,1642.17,60,0.049,0.916,0,5.0,71.1
CUST_1003,LATAM,SMB,3243.18,60,0.101,0.815,0,5.0,90.5
CUST_1067,NA,Enterprise,1954.61,30,0.068,0.92,0,1.0,36.1
CUST_1024,LATAM,Mid-Market,2058.56,30,0.106,0.918,0,6.0,60.9
CUST_1177,APAC,SMB,6198.03,60,0.094,0.839,0,4.0,91.1
CUST_1130,NA,Mid-Market,590.85,60,0.045,0.864,0,7.0,82.1
CUST_1245,NA,Enterprise,259.29,30,0.05,0.953,0,7.0,43.0
CUST_1187,APAC,Mid-Market,1768.25,60,0.111,0.897,0,7.0,88.4
CUST_1152,NA,SMB,9378.47,30,0.03,0.848,0,1.0,47.0
CUST_1127,EMEA,Mid-Market,37471.26,60,0.087,0.838,0,5.0,86.5
CUST_1013,LATAM,Enterprise,9635.34,60,0.126,0.902,0,3.0,89.0
CUST_1017,EMEA,Enterprise,329.51,30,0.088,0.911,0,8.0,55.3
CUST_1154,NA,Mid-Market,2103.69,30,0.063,0.869,0,6.0,46.1
CUST_1001,EMEA,Mid-Market,4380.65,30,0.087,0.877,0,0.0,47.2
CUST_1010,NA,SMB,3890.86,30,0.054,0.784,0,6.0,62.2
CUST_1054,LATAM,SMB,6693.93,60,0.114,0.811,0,4.0,103.0
CUST_1221,NA,SMB,753.27,90,0.048,0.814,0,7.0,123.7
CUST_1114,NA,SMB,3285.96,60,0.056,0.781,0,6.0,85.9
CUST_1177,NA,Mid-Market,5599.79,60,0.047,0.922,0,5.0,81.4
CUST_1102,LATAM,Mid-Market,10285.66,60,0.129,0.89,0,3.0,88.6
CUST_1043,NA,Mid-Market,890.18,60,0.034,0.869,0,5.0,81.4
CUST_1092,APAC,Mid-Market,1776.26,60,0.113,0.881,15,8.0,103.6
CUST_1022,APAC,SMB,51.64,30,0.088,0.801,0,5.0,56.0
CUST_1192,APAC,Mid-Market,1173.57,30,0.118,0.915,0,,57.5
CUST_1045,LATAM,SMB,1357.47,60,0.106,0.828,0,4.0,96.7
CUST_1094,APAC,Mid-Market,645.89,30,0.085,0.879,0,4.0,52.5
CUST_1245,LATAM,Mid-Market,3821.58,60,0.132,0.921,0,9.0,90.9
CUST_1147,NA,Mid-Market,2741.01,60,0.063,0.914,0,5.0,71.2
CUST_1114,APAC,Enterprise,100.6,90,0.11,0.981,0,11.0,114.8
CUST_1135,EMEA,Mid-Market,4118.57,30,0.088,0.853,0,9.0,59.3
CUST_1196,EMEA,Mid-Market,740.64,60,0.061,0.845,0,8.0,81.0
CUST_1063,APAC,Enterprise,6176.66,60,0.113,0.969,45,10.0,116.3
CUST_1159,LATAM,SMB,435.82,60,0.114,0.817,15,9.0,110.3
CUST_1218,APAC,Enterprise,3118.2,60,0.101,0.968,0,2.0,72.2
CUST_1143,EMEA,Enterprise,1949.36,30,0.068,0.976,0,6.0,43.0
CUST_1111,EMEA,SMB,4696.88,60,0.05,0.8,0,5.0,80.7
CUST_1036,NA,Enterprise,3594.09,90,0.053,0.928,0,6.0,109.5
CUST_1062,NA,SMB,2032.97,60,0.06,,30,8.0,111.3
CUST_1236,NA,SMB,297.55,60,0.037,0.797,0,6.0,81.0
CUST_1135,NA,Enterprise,325.12,60,0.067,0.967,0,4.0,59.8
CUST_1075,NA,Mid-Market,1241.62,60,0.051,0.905,0,4.0,79.7
CUST_1104,APAC,Mid-Market,2944.16,30,0.087,0.877,0,1.0,52.9
CUST_1144,EMEA,SMB,1197.07,60,0.076,0.842,0,,88.2
CUST_1134,LATAM,SMB,7614.56,30,0.108,0.821,0,8.0,72.0
CUST_1174,EMEA,SMB,1960.92,60,0.053,0.841,0,7.0,90.3
CUST_1064,NA,Mid-Market,700.98,60,0.057,0.852,0,5.0,80.7
CUST_1162,NA,Mid-Market,1964.23,60,0.034,0.904,0,6.0,75.5
CUST_1110,NA,Mid-Market,4183.02,60,0.034,0.902,0,2.0,71.6
CUST_1235,LATAM,SMB,4852.88,90,0.13,0.797,0,9.0,134.0
CUST_1039,NA,Mid-Market,49889.64,30,0.032,0.886,0,6.0,55.9
CUST_1037,EMEA,Mid-Market,1092.95,30,0.082,0.916,0,3.0,46.9
CUST_1115,LATAM,Mid-Market,2669.86,30,0.132,0.855,30,5.0,90.0
CUST_1127,LATAM,SMB,5648.73,60,0.106,0.844,0,6.0,96.2
CUST_1172,NA,SMB,2878.04,90,0.051,0.865,0,8.0,117.1
CUST_1101,NA,Enterprise,1406.8,30,0.034,0.987,0,3.0,45.0
CUST_1228,NA,Mid-Market,291.81,90,0.055,0.87,0,4.0,114.1
CUST_1118,NA,Mid-Market,1385.41,30,0.033,0.891,0,0.0,47.8
CUST_1032,NA,Mid-Market,595.53,60,0.068,0.929,0,7.0,75.0
CUST_1029,EMEA,Mid-Market,223.65,30,0.058,0.887,0,5.0,57.4
CUST_1243,LATAM,Enterprise,903.69,60,0.127,0.912,0,1.0,79.8
CUST_1033,EMEA,Mid-Market,619.78,60,0.055,0.835,0,5.0,80.9
CUST_1236,EMEA,Mid-Market,7155.81,60,0.058,0.909,0,5.0,70.6
CUST_1069,NA,Mid-Market,7343.99,30,0.048,0.872,0,6.0,51.9
CUST_1023,APAC,Mid-Market,768.3,60,0.103,0.855,0,7.0,84.2
CUST_1076,EMEA,SMB,2017.59,90,0.09,0.805,0,8.0,124.6
CUST_1153,APAC,Mid-Market,183.58,60,0.081,0.906,0,3.0,74.6
CUST_1106,LATAM,SMB,1420.11,60,0.1,0.817,0,7.0,103.1
CUST_1196,NA,Mid-Market,5423.37,60,0.044,,0,6.0,79.6
CUST_1152,NA,Mid-Market,10274.36,30,0.045,0.903,0,4.0,56.0
CUST_1100,NA,Mid-Market,1022.93,60,0.065,0.927,0,3.0,70.2
CUST_1158,EMEA,Enterprise,14440.36,30,0.087,0.989,0,5.0,50.6
CUST_1242,LATAM,Mid-Market,306.88,60,0.135,0.855,0,6.0,84.6
CUST_1102,NA,Mid-Market,458.77,30,0.036,0.896,0,1.0,42.3
CUST_1038,APAC,SMB,8642.89,30,0.096,0.772,0,4.0,62.1
CUST_1102,EMEA,Mid-Market,36558.97,60,0.08,0.929,0,8.0,82.5
CUST_1210,NA,Enterprise,6248.82,60,0.043,0.926,0,6.0,71.8
CUST_1054,NA,Mid-Market,2805.92,60,0.057,0.896,0,8.0,77.5
CUST_1237,EMEA,Mid-Market,110.74,90,0.059,0.915,15,7.0,115.1
CUST_1147,EMEA,SMB,143.5,30,0.063,0.786,0,3.0,54.2
CUST_1150,EMEA,SMB,3619.58,30,0.084,0.855,0,7.0,59.4
CUST_1079,NA,Mid-Market,1742.2,60,0.04,0.831,0,4.0,84.0
CUST_1230,APAC,Mid-Market,567.5,60,0.119,0.874,0,,89.7
CUST_1009,NA,Mid-Market,3288.87,60,0.042,0.877,0,8.0,85.9
CUST_1074,LATAM,Mid-Market,3542.89,60,0.101,0.867,15,6.0,94.9
CUST_1104,NA,SMB,12291.02,60,0.04,0.829,0,,86.3
CUST_1119,NA,SMB,3658.85,30,0.037,0.861,0,6.0,55.7
CUST_1118,EMEA,Mid-Market,18818.42,60,0.07,0.863,0,2.0,82.2
CUST_1036,EMEA,Mid-Market,3016.92,60,0.055,0.888,15,4.0,86.3
CUST_1056,EMEA,Enterprise,2507.39,60,0.075,0.988,45,5.0,109.5
CUST_1023,EMEA,Enterprise,14712.73,30,0.085,0.977,0,5.0,42.8
CUST_1143,LATAM,Enterprise,687.0,60,0.115,0.904,0,5.0,80.4
CUST_1087,EMEA,Mid-Market,203144.17,60,0.057,0.924,0,10.0,88.4
CUST_1141,EMEA,SMB,5233.77,30,0.066,0.775,0,6.0,61.6
CUST_1147,EMEA,Mid-Market,5277.69,60,0.081,0.889,0,6.0,80.9
CUST_1175,NA,Mid-Market,6552.78,60,0.054,0.888,0,5.0,76.8
CUST_1136,EMEA,Enterprise,49796.74,60,0.054,0.979,30,4.0,90.7
CUST_1161,NA,Mid-Market,9786.52,60,0.051,0.845,0,1.0,76.2
CUST_1146,EMEA,SMB,268.38,60,0.069,0.788,0,2.0,89.9
CUST_1163,NA,Mid-Market,24470.06,30,0.043,0.905,0,6.0,50.4
CUST_1154,LATAM,SMB,1787.65,30,0.104,0.785,0,7.0,72.1
CUST_1079,EMEA,SMB,3500.75,60,0.089,0.817,0,4.0,90.7
CUST_1061,APAC,Enterprise,437.52,60,0.087,0.973,0,3.0,70.5
CUST_1196,EMEA,Mid-Market,6563.66,30,0.058,0.895,0,6.0,44.4
CUST_1085,NA,SMB,1122.08,60,0.036,0.791,0,5.0,81.5
CUST_1137,APAC,Mid-Market,3464.26,30,0.103,0.86,0,2.0,51.5
CUST_1049,EMEA,Enterprise,1946.62,30,0.068,0.997,0,7.0,39.7
CUST_1107,APAC,SMB,53504.4,60,0.09,0.815,0,8.0,101.2
CUST_1132,EMEA,SMB,58301.93,60,0.067,0.774,0,5.0,96.9
CUST_1156,EMEA,Mid-Market,3196.37,60,0.077,0.852,0,,90.3
CUST_1131,APAC,Mid-Market,3281.21,60,0.091,0.864,0,7.0,84.8
CUST_1090,EMEA,Mid-Market,1702.47,60,0.087,0.93,15,2.0,93.8
CUST_1240,NA,SMB,15662.26,60,0.042,0.8,0,5.0,93.5
CUST_1128,EMEA,Mid-Market,1820.05,60,0.058,0.833,0,8.0,84.8
